{
  "version": 1,
  "author": "Uri Shaked",
  "editor": "wokwi",
  "parts": [
    { "type": "board-esp32-devkit-c-v4", "id": "esp", "top": -37.58, "left": -96.37, "attrs": {} },
    {
      "type": "wokwi-dht22",
      "id": "dht1",
      "top": -32.2,
      "left": 40.16,
      "attrs": { "temperature": "80", "humidity": "100" }
    },
    {
      "type": "wokwi-photoresistor-sensor",
      "id": "ldr1",
      "top": 12.8,
      "left": -383.2,
      "attrs": {}
    },
    { "type": "wokwi-led", "id": "led1", "top": -138, "left": -15.4, "attrs": { "color": "red" } }
  ],
  "connections": [
    [ "esp:TX", "$serialMonitor:RX", "", [] ],
    [ "esp:RX", "$serialMonitor:TX", "", [] ],
    [ "dht1:VCC", "esp:3V3", "red", [ "v109.3", "h-170.36", "v-200.78" ] ],
    [ "dht1:SDA", "esp:15", "green", [ "v0" ] ],
    [ "dht1:GND", "esp:GND.1", "black", [ "v99.7", "h-189.56", "v-66.38" ] ],
    [ "led1:A", "esp:2", "green", [ "h19.2", "v220.8", "h-24.41" ] ],
    [ "led1:C", "esp:GND.1", "black", [ "h-105.2", "v212.02" ] ],
    [ "ldr1:VCC", "esp:5V", "red", [ "h48", "v134.4", "h71.44" ] ],
    [ "ldr1:GND", "esp:GND.1", "black", [ "h105.6", "v77.22" ] ],
    [ "ldr1:DO", "esp:34", "green", [ "h0" ] ]
  ],
  "dependencies": {}
}